﻿Designator,Footprint,Quantity,Value,LCSC Part #
"C1, C10, C11, C2, C3, C4",0402,6,10uF,
"C12, C14, C20, C9",0402,4,1uF,
"C13, C15, C17, C18, C19",0402,5,0.1uF,
C16,0402,1,10nF,
"C5, C6",0402,2,12pF,
D1,0805,1,LED,
"D2, D3",0201,2,D,
J1,HRO_TYPE-C-31-M-12,1,USB_C_Receptacle_USB2.0_14P,
"J2, J5",PinSocket_1x04_P2.54mm_Vertical,2,Conn_01x04_Socket,
J3,"TerminalBlock_Phoenix_MKDS-1,5-2-5.08_1x02_P5.08mm_Horizontal",1,Screw_Terminal_01x02,
J4,PinHeader_1x16_P2.54mm_Vertical,1,Conn_01x16_Pin,
J6,PinHeader_1x13_P2.54mm_Vertical,1,Conn_01x13_Pin,
"R1, R2",0402,2,5.1k,
"R10, R11, R12, R13, R9",0201,5,0,
"R14, R6",0402,2,10k,
R3,0402,1,440,
R5,0402,1,1k,
"R7, R8",0402,2,22,
"SW1, SW2",SW_SPST_B3U-1000P,2,SW_Push_45deg,
"SW3, SW4",SW_SPST_B3U-1000P,2,SW_Push,
"U1, U2",TO-252-2,2,NCP1117-3.3_TO252,
U3,Winbond_USON-8-1EP_3x2mm_P0.5mm_EP0.2x1.6mm,1,APS6404L-3SQRx-ZR,
U4,QFN-56-1EP_7x7mm_P0.4mm_EP4x4mm,1,ESP32-S3,
Y2,OSC_CX2016DB40000D0FLJCC,1,40 MHz,
